unit,level,source_url,tanggal_ambil
"Dalam pertemuan tersebut, warga menyampaikan keluhan terkait kondisi Tempat Pembuangan Akhir (TPA).",tak jelas,https://aksara24.id/2026/02/17/reses-di-pintu-batu-legislator-rodi-soroti-krisis-sampah-dan-janji-perjuangkan-infrastruktur-2027/,2026-06-15
"Selain persoalan sampah, warga juga mengangkat isu infrastruktur, khususnya kondisi gorong-gorong dan bahu jalan yang dinilai perlu segera diperbaiki.",tak jelas,https://aksara24.id/2026/02/17/reses-di-pintu-batu-legislator-rodi-soroti-krisis-sampah-dan-janji-perjuangkan-infrastruktur-2027/,2026-06-15
"Melalui reses ini, Rodi berharap terjalin sinergi antara pemerintah, pihak ketiga, dan masyarakat dalam menyelesaikan persoalan sampah dan infrastruktur.",tak jelas,https://aksara24.id/2026/02/17/reses-di-pintu-batu-legislator-rodi-soroti-krisis-sampah-dan-janji-perjuangkan-infrastruktur-2027/,2026-06-15
Ia juga mengajak warga terus aktif menyampaikan aspirasi agar kebijakan yang diambil benar-benar sesuai kebutuhan di lapangan.,tak jelas,https://aksara24.id/2026/02/17/reses-di-pintu-batu-legislator-rodi-soroti-krisis-sampah-dan-janji-perjuangkan-infrastruktur-2027/,2026-06-15
Ia mengingatkan masyarakat agar tetap menjaga hubungan baik dalam keluarga dan lingkungan sosial.,tak jelas,https://aksatanews.com/gubernur-al-haris-sholat-idul-adha-1447-h-di-masjid-al-falah-ajak-masyarakat-perkuat-semangat-berkurban,2026-06-15
"Pada kesempatan tersebut, Al Haris turut mengajak masyarakat untuk mendoakan kesehatan Presiden Prabowo Subianto agar senantiasa diberikan kekuatan dalam memimpin bangsa dan membawa kesejahteraan bagi rakyat Indonesia.",tak jelas,https://aksatanews.com/gubernur-al-haris-serahkan-sapi-kurban-presiden-prabowo-seberat-930-kg-di-islamic-center-,2026-06-15
"Selanjutnya, dalam misi ketiga, yang berfokus pada Pemantapan Keberlanjutan Pembangunan dan Kualitas Sumber Daya Manusia, target yang ingin dicapai meliputi: (1) Peningkatan kesejahteraan masyarakat; (2) Pengurangan kesenjangan pendapatan; (3) Peningkatan kualitas lingkungan; (4) Peningkatan pemanfaatan sumber daya laut secara berkelanjutan untuk mendorong pertumbuhan ekonomi masyarakat; (5) Peningkatan derajat kesehatan masyarakat; dan (6) Peningkatan pendidikan dan kebudayaan masyarakat serta pengarusutamaan gender.",tak jelas,https://aksatanews.com/gubernur-al-haris-uraikan-lima-pilar-pro-jambi-mantap-berdaya-saing-dan-berkelanjutan,2026-06-15
"Menu kedua adalah Pro Jambi Sehat, yang meliputi subsidi BPJS Kesehatan bagi keluarga miskin, bantuan gizi bagi ibu hamil, balita, dan remaja, serta gerakan masyarakat hidup sehat.",tak jelas,https://aksatanews.com/gubernur-al-haris-uraikan-lima-pilar-pro-jambi-mantap-berdaya-saing-dan-berkelanjutan,2026-06-15
"Meningkatkan kualitas pelayanan, Membangun kepercayaan masyarakat, Meningkatkan efektivitas pemerintahan.",tak jelas,https://aksatanews.com/gubernur-al-haris-pentingnya-penguatan-nasionalisme-dan-kedisplinan-asn,2026-06-15
"""Kita perlu meningkatkan kualitas pelayanan kepada masyarakat, meningkatkan kepercayaan masyarakat terhadap pemerintah, serta membangun citra positif pemerintah.",tak jelas,https://aksatanews.com/gubernur-al-haris-pentingnya-penguatan-nasionalisme-dan-kedisplinan-asn,2026-06-15
"Menurutnya, PAN tidak boleh hanya aktif menjelang pemilu, tetapi harus konsisten hadir membantu dan mendengarkan aspirasi masyarakat setiap saat.",tak jelas,https://aksatanews.com/al-haris-pimpin-konsolidasi-dpw-dan-dpd-pan-kabupaten-tebo,2026-06-15
"Menurutnya, PAN tidak boleh hanya aktif menjelang pemilu, tetapi harus konsisten hadir membantu dan mendengarkan aspirasi masyarakat setiap saat.",tak jelas,https://aksatanews.com/konsolidasi-pan-di-sarolangun-al-haris-tekankan-pan-harus-selalu-hadir-di-tengah-masyarakat,2026-06-15
"Menteri Hukum Supratman menyampaikan bahwa keberadaan Posbankum di tingkat desa dan kelurahan diharapkan mampu mempermudah masyarakat dalam mengakses layanan hukum, baik untuk perkara perdata maupun pidana yang dapat diselesaikan secara kekeluargaan.",kota,https://aksatanews.com/gubernur-al-haris-dampingi-menteri-hukum-supratman-andi-resmikan-1585-posbankum-di-jambi,2026-06-15
"Kakanwil menambahkan, peresmian ini bukanlah akhir, melainkan awal dari upaya panjang dalam memastikan seluruh masyarakat, hingga ke pelosok desa, mendapatkan akses layanan hukum yang adil, mudah, dan bermartabat.",tak jelas,https://aksatanews.com/gubernur-al-haris-dampingi-menteri-hukum-supratman-andi-resmikan-1585-posbankum-di-jambi,2026-06-15
"Ariansyah, M.E., Kepala OPD lingkup pemerintah Provinsi Jambi, serta jajaran pengurus HKTI Provinsi Jambi.(*)
Editor: Anzari
AKSATANEWS.COM-Tiga warga Provinsi Jambi yang sempat terjebak dalam sindikat penipuan daring (online scam) di Kamboja akhirnya dipulangkan ke tanah ai
Read moreAKSATANEWS.COM-Dalam rangka memperingati Hari Kesatuan Gerak (HKG) PKK ke-54 Tahun 2026, Tim Penggerak PKK Provinsi Jambi Hj.",tak jelas,https://aksatanews.com/gubernur-al-haris-dorong-hkti-jadi-lokomotif-gerakan-pangan-di-jambi,2026-06-15
"Bestari juga menyampaikan bahwa Pemerintah Provinsi (Pemprov) Jambi mengimbau masyarakat untuk lebih waspada terhadap tawaran kerja di luar negeri dengan iming-iming gaji besar namun melalui jalur tidak resmi, guna menghindari kasus serupa di masa mendatang.",provinsi,https://aksatanews.com/gubernur-al-haris-bantu-pulangkan-3-warga-jambi-korban-scam-dari-kamboja,2026-06-15
"Dan penurunan stunting di Provinsi Jambi, tidak hanya pemerintah, pihak swasta dan masyarakat juga turut andil dalam upaya penanganan stunting.",tak jelas,https://aksatanews.com/abdullah-sani-minta-setiap-komponen-bekerjasama-tuntaskan-masalah-stunting,2026-06-15
"Kenaikan terjadi pada seluruh dimensi, baik dimensi umur panjang dan hidup sehat, dimensi pengetahuan maupun standar hidup layak, atau dengan kata lain, telah terjadi perbaikan dari sisi pendidikan, kesehatan dan perekonomian masyarakat Provinsi Jambi secara umum,"" lanjutnya.",tak jelas,https://aksatanews.com/gubernur-al-haris-rkpd-provinsi-perlu-jaga-keselarasan-dengan-target-nasional,2026-06-15
"Al Haris, S.Sos., MH berkomitmen penuh dalam menangani dampak bencana banjir yang melanda wilayah ini, dimana yan
Read moreAKSATANEWS.COM - 1.706 unit rumah warga telah di bangun menjadi rumah layak huni.",tak jelas,https://aksatanews.com/gubernur-al-haris-gelar-halal-bihalal-bersama-kepala-daerah-jambi-wilayah-barat-di-bangko,2026-06-15
"Al Haris, S.Sos., MH berkomitmen penuh dalam menangani dampak bencana banjir yang melanda wilayah ini, dimana yan
Read moreAKSATANEWS.COM - 1.706 unit rumah warga telah di bangun menjadi rumah layak huni.",tak jelas,https://aksatanews.com/gubernur-al-haris-serahkan-lkpj-2025-dprd-apresiasi-kinerja-pemprov-jambi,2026-06-15
"Penghargaan tersebut diberikan oleh Ombudsman Republik Indonesia sebagai bentuk apresiasi atas komitmen Pemprov Jambi dalam menyelenggarakan pelayanan publik yang bersih, patuh terhadap peraturan perundang-undangan, serta berorientasi pada kepentingan masyarakat.",provinsi,https://aksatanews.com/jambi-peringkat-1-nasional-raih-opini-tertinggi-ombudsman-ri-tanpa-maladministrasi-pelayanan-publik,2026-06-15
"Ke depan, Pemprov Jambi berkomitmen menjadikan capaian peringkat 1 nasional ini sebagai motivasi untuk terus memperkuat integritas dan profesionalisme aparatur dalam memberikan pelayanan terbaik kepada masyarakat.(*)
Editor: Anzari
AKSATANEWS.COM-Program Makan Bergizi (MBG) terus menunjukkan dampak signifikan sebagai motor penggerak ekonomi daerah.",provinsi,https://aksatanews.com/jambi-peringkat-1-nasional-raih-opini-tertinggi-ombudsman-ri-tanpa-maladministrasi-pelayanan-publik,2026-06-15
"“Kami berharap ini menjadi guliran yang berlanjut, tidak berhenti hari ini saja, tetapi bergulir ke seluruh penjuru Jambi, dilakukan oleh semua stakeholder hingga ke lingkungan warga.",tak jelas,https://aksatanews.com/gerakan-penanaman-serentak-jambi-tanam-201-ribu-bibit-pohon-menteri-lh-jambi-akan-kami-jadikan-contoh,2026-06-15
"Berdasarkan laporan dari tim peliputan Dinas Komunikasi dan Informatika Provinsi Jambi, ribuan masyarakat simpatisan NU membanjiri jalanan menuju lokasi acara puncak peringatan satu abad NU sehingga menyebabkan kemacetan yang sangat parah.",tak jelas,https://aksatanews.com/al-haris-jalan-kaki-bersama-jusuf-kalla-hadiri-resepsi-puncak-satu-abad-nu,2026-06-15
Kegiatan ini menjadi simbol kuat komitmen pemerintah daerah dan masyarakat dalam menjaga ketahanan pangan sekaligus mempertahankan lahan pertanian dari ancaman alih fungsi.,tak jelas,https://aksatanews.com/gerak-tanam-padi-perdana-di-merangin-al-haris-tegaskan-komitmen-jambi-jaga-ketahanan-pangan,2026-06-15
"“Jambi Mantap Expo juga merupakan salah satu wujud dukungan pemerintah daerah sebagai fasilitator UMKM, dengan memberikan ruang bagi pelaku UMKM, motor penggerak utama ekonomi masyarakat, untuk mempromosikan produk UMKM dari kabupaten/kota se-Provinsi Jambi, guna penguatan kapasitas UMKM lokal.",tak jelas,https://aksatanews.com/jambi-mantap-expo-wujud-dukungan-pemerintah-daerah-fasilitasi-umkm,2026-06-15
"Menurutnya, kehadiran UMKM dalam setiap event besar daerah merupakan bukti nyata keberpihakan pemerintah dalam mendorong pertumbuhan ekonomi masyarakat.",tak jelas,https://aksatanews.com/jambi-sunset-festival-gaet-umkm-al-haris-bukti-nyata-pemerintah-dorong-ekonomi-masyaraka,2026-06-15
"Prestasi merupakan produk dari budaya, pendidikan, kepemimpinan, dan karakter masyarakat yang dibangun secara sistematis dalam jangka panjang.",tak jelas,https://aksesjambi.com/news/13/06/2026/pendidikan-dan-bola-pembelajaran-efektif-membangun-karakter-pendidikan/,2026-06-15
“Pemerintah Provinsi Jambi menyerahkan secara simbolis beras cadangan pangan pemerintah kepada masyarakat yang terdampak bencana beberapa waktu lalu.,tak jelas,https://aksesjambi.com/news/13/06/2026/al-haris-salurkan-beras-cadangan-untuk-korban-banjir-longsor-sarolangun/,2026-06-15
"Ia juga menekankan bahwa keberhasilan pembangunan daerah tidak hanya bergantung pada pemerintah semata, tetapi membutuhkan keterlibatan seluruh elemen masyarakat, termasuk TP PKK yang selama ini menjadi ujung tombak dalam pemberdayaan keluarga.",tak jelas,https://aksesjambi.com/news/13/06/2026/bupati-fadhil-arief-tekankan-peran-strategis-tp-pkk-dalam-pemberdayaan-keluarga/,2026-06-15
"JAKARTA, AksesNews – Belum lama ini, sempat ramai di media sosial tentang netizen yang mengeluh karena harus membayar sejumlah uang saat dirawat inap di rumah sakit, padahal ia sudah menjadi peserta BPJS Kesehatan.",tak jelas,https://aksesjambi.com/news/12/06/2026/bukan-aturan-baru-ini-daftar-layanan-yang-tak-dijamin-bpjs-kesehatan/,2026-06-15
"Kami tegaskan kembali bahwa denda pelayanan ini hanya berlaku untuk pasien yang dirawat inap di rumah sakit dalam kurun waktu 45 hari sejak status JKN-nya aktif lagi,” jelas Kepala Humas BPJS Kesehatan, Rizzky Anugerah.",tak jelas,https://aksesjambi.com/news/12/06/2026/bukan-aturan-baru-ini-daftar-layanan-yang-tak-dijamin-bpjs-kesehatan/,2026-06-15
"“Bukan hanya penyakit berbiaya mahal yang dijamin, BPJS Kesehatan bahkan menjamin biaya pelayanan kesehatan yang memerlukan perawatan berjangka waktu lama atau bahkan berlangsung seumur hidup, seperti cuci darah bagi pasien gagal ginjal, penderita talasemia dan hemofilia, pasien yang menjalani pengobatan kanker, insulin untuk penderita diabetes, dan lain sebagainya,” kata Rizzky.",tak jelas,https://aksesjambi.com/news/12/06/2026/bukan-aturan-baru-ini-daftar-layanan-yang-tak-dijamin-bpjs-kesehatan/,2026-06-15
Ia menekankan pentingnya peran perusahaan media siber sebagai mitra strategis pemerintah dalam menyampaikan informasi akurat ke masyarakat dan mendorong pembangunan daerah.,tak jelas,https://aksesjambi.com/news/12/06/2026/sambut-kepengurusan-baru-jmsi-jambi-al-haris-jmsi-adalah-organisasi-kekinian/,2026-06-15
"Jadikan sholawat sebagai Gerakan kolektif di masyarakat, instansi pemerintah, sekolah, hingga masjid.",tak jelas,https://aksesjambi.com/news/11/06/2026/hesti-haris-ajak-masyarakat-membumikan-budaya-sholawat-di-jambi/,2026-06-15
"Dalam sambutan dan arahannya Hesti Haris menyampaikan apresiasi dan dukungan penuh kepada seluruh elemen masyarakat, khususnya para ulama dan tokoh agama yang selama ini aktif membina umat serta mendukung program pembangunan pemerintah.",tak jelas,https://aksesjambi.com/news/11/06/2026/hesti-haris-ajak-masyarakat-membumikan-budaya-sholawat-di-jambi/,2026-06-15
"Ia juga yakin dan optimistis, dengan sinergi antara pemerintah, TP PKK, organisasi keagamaan, dan masyarakat, berbagai persoalan sosial yang ada di lingkungan kelurahan maupun desa dapat diselesaikan secara bersama-sama.",kota,https://aksesjambi.com/news/11/06/2026/hesti-haris-ajak-masyarakat-membumikan-budaya-sholawat-di-jambi/,2026-06-15
"Pada pelaksanaan kali ini, kegiatan digelar bersama Dinas Pendidikan Provinsi Jambi dengan membagikan sarapan bergizi kepada masyarakat sebagai bentuk kepedulian terhadap pemenuhan gizi sekaligus mempererat kebersamaan.",tak jelas,https://aksesjambi.com/news/10/06/2026/rabu-berkah-tp-pkk-jambi-bersama-dinas-pendidikan-bagikan-sarapan-bergizi-untuk-masyarakat/,2026-06-15
"Dinas Pendidikan menyiapkan sarapan berupa nasi kuning dan air minum yang siap dibagikan kepada masyarakat,” ujar Hj.",tak jelas,https://aksesjambi.com/news/10/06/2026/rabu-berkah-tp-pkk-jambi-bersama-dinas-pendidikan-bagikan-sarapan-bergizi-untuk-masyarakat/,2026-06-15
“Program ini juga menjadi wadah bagi dinas-dinas yang berpartisipasi untuk menyampaikan informasi penting dan hal-hal yang bermanfaat bagi masyarakat.,tak jelas,https://aksesjambi.com/news/10/06/2026/rabu-berkah-tp-pkk-jambi-bersama-dinas-pendidikan-bagikan-sarapan-bergizi-untuk-masyarakat/,2026-06-15
"Menurutnya, pendidikan tidak hanya berbicara mengenai proses belajar mengajar di sekolah, tetapi juga tentang membangun karakter, kepedulian, dan semangat berbagi di tengah masyarakat.",tak jelas,https://aksesjambi.com/news/10/06/2026/rabu-berkah-tp-pkk-jambi-bersama-dinas-pendidikan-bagikan-sarapan-bergizi-untuk-masyarakat/,2026-06-15
"“Melalui penyediaan sarapan bergizi, Dinas Pendidikan berharap dapat memberikan manfaat langsung kepada masyarakat sekaligus mengingatkan pentingnya pola hidup sehat melalui konsumsi makanan bergizi seimbang,” ucap Umar.",tak jelas,https://aksesjambi.com/news/10/06/2026/rabu-berkah-tp-pkk-jambi-bersama-dinas-pendidikan-bagikan-sarapan-bergizi-untuk-masyarakat/,2026-06-15
"Selain membantu memenuhi kebutuhan sarapan bagi warga yang membutuhkan, kegiatan tersebut juga menjadi ruang silaturahmi antara pemerintah dan Masyarakat,” tambahnya.",tak jelas,https://aksesjambi.com/news/10/06/2026/rabu-berkah-tp-pkk-jambi-bersama-dinas-pendidikan-bagikan-sarapan-bergizi-untuk-masyarakat/,2026-06-15
"Dengan kolaborasi berbagai OPD, Posyandu, serta para donatur, TP PKK Provinsi Jambi berharap program Rabu Berkah dapat terus berkembang dan menjadi salah satu gerakan sosial yang memberikan dampak nyata bagi peningkatan kesejahteraan masyarakat di Provinsi Jambi.",tak jelas,https://aksesjambi.com/news/10/06/2026/rabu-berkah-tp-pkk-jambi-bersama-dinas-pendidikan-bagikan-sarapan-bergizi-untuk-masyarakat/,2026-06-15
"Ia mengajak masyarakat untuk mulai memandang latihan beban sebagai kebutuhan dasar kesehatan, sama pentingnya dengan menjaga pola makan dan kualitas tidur.",tak jelas,https://aksesjambi.com/news/10/06/2026/coach-noe-soroti-bahaya-sarcopenia-pada-lansia-latihan-beban-jadi-kunci/,2026-06-15
"Sepanjang tahun 2026, pihaknya telah menangani puluhan sengketa informasi publik yang diajukan oleh masyarakat.",tak jelas,https://aksesjambi.com/news/11/06/2026/kadis-kominfo-jambi-pastikan-seleksi-komisi-informasi-sesuai-aturan/,2026-06-15
Hampir setiap hari masyarakat disuguhi kabar tentang korupsi.,tak jelas,https://amuranews.id/negeri-yang-mulai-kehilangan-rasa-hormat/,2026-06-15
"Dialog publik ini menjadi momentum penting dalam membangun kesadaran kolektif bahwa persoalan sampah bukan hanya urusan pemerintah semata, melainkan tanggung jawab bersama seluruh elemen masyarakat.",tak jelas,https://amuranews.id/revolusi-sampah-kota-jambi-dimulai-maulana-diza-siapkan-gerakan-besar-menuju-kota-bersih/,2026-06-15
"Sementara itu, terkait biaya operasional dan insentif bentor, mekanismenya akan dibahas melalui musyawarah di tingkat RT dengan mengedepankan asas keadilan, kemampuan ekonomi masyarakat, serta pola subsidi silang agar pelayanan tetap berjalan optimal tanpa memberatkan warga.",tak jelas,https://amuranews.id/revolusi-sampah-kota-jambi-dimulai-maulana-diza-siapkan-gerakan-besar-menuju-kota-bersih/,2026-06-15
"Jika lingkungan kita terjaga, maka investasi akan datang, ekonomi bergerak, daya beli masyarakat meningkat, dan pada akhirnya kesejahteraan masyarakat juga ikut tumbuh,” tegas Maulana di hadapan peserta dialog.",tak jelas,https://amuranews.id/revolusi-sampah-kota-jambi-dimulai-maulana-diza-siapkan-gerakan-besar-menuju-kota-bersih/,2026-06-15
Program pengelolaan sampah berbasis masyarakat yang digagas Pemerintah Kota Jambi tersebut diharapkan mampu menjadi solusi nyata terhadap persoalan sampah sekaligus menjadi instrumen pembangunan ekonomi.,tak jelas,https://amuranews.id/revolusi-sampah-kota-jambi-dimulai-maulana-diza-siapkan-gerakan-besar-menuju-kota-bersih/,2026-06-15
"Dengan lingkungan yang bersih dan tertata, Kota Jambi diyakini akan semakin menarik bagi investor, mendorong pertumbuhan usaha, meningkatkan pendapatan masyarakat, serta menciptakan lapangan kerja baru di berbagai sektor.",tak jelas,https://amuranews.id/revolusi-sampah-kota-jambi-dimulai-maulana-diza-siapkan-gerakan-besar-menuju-kota-bersih/,2026-06-15
"Sebab bagi Maulana-Diza, mewujudkan Kota Jambi yang bersih bukan sekadar urusan mengangkut sampah, melainkan membangun masa depan kota yang lebih maju, sehat, produktif, dan sejahtera bagi seluruh masyarakat.",tak jelas,https://amuranews.id/revolusi-sampah-kota-jambi-dimulai-maulana-diza-siapkan-gerakan-besar-menuju-kota-bersih/,2026-06-15
"Sani mengungkapkan, terkait efektivitas pemanfaatan dana penanggulangan Pandemi Covid-19 pada Dinas Kesehatan, anggaran tersebut pada dasarnya mengarah pada beberapa kegiatan strategis yang antara lain adalah melaksanakan testing, tracing dan treatment yang meliputi penyediaan sarana dan prasarana kesehatan, biaya perawatan pasien, operasional penyelenggaraan baik untuk tenaga kesehatan maupun pemulasaran jenazah, dimana Dinas Kesehatan Provinsi Jambi sebagai leading sector.",tak jelas,https://aksara24.id/2022/04/01/sani-tegaskan-komitmen-pemerintah-sejahterakan-masyarakat/,2026-06-16
"Terkait dengan pertanyaan fraksi PPP–Berkarya tentang langkah atau upaya strategis untuk mengintegrasikan masyarakat tidak mampu kedalam Program Jaminan Kesehatan Nasional (JKN), Pemerintah Provinsi Jambi telah melaksanakan sosialisasi terhadap pengelola jaminan Kesehatan di seluruh wilayah Provinsi Jambi dan melaksanakan rapat koordinasi lintas sektoral secara periodik melaksanakan dukungan jaminan kesehatan bagi masyarakat kurang mampu yang dirujuk ke Rumah Sakit Pemerintah.",tak jelas,https://aksara24.id/2022/04/01/sani-tegaskan-komitmen-pemerintah-sejahterakan-masyarakat/,2026-06-16
"“Kedua pelaku diamankan warga disemak-semak Jalan Rawa Indah dan diserahkan ke polisi,” pungkas keterangan video.",tak jelas,https://aksara24.id/2022/06/04/aksi-heroik-jukir-lumpuhkan-dua-jambret-hanya-dengan-satu-tendangan/,2026-06-16
"Tidak hanya itu, berbagai kegiatan sosial juga dilaksanakan sebagai bentuk kepedulian sosial LAM Provinsi Jambi kepada masyarakat, di antaranya pembagian 1.000 paket sembako, donor darah, pelayanan pengobatan gratis, serta berbagai kegiatan keagamaan.",tak jelas,https://aksesjambi.com/news/16/06/2026/puncak-hari-adat-melayu-jambi-al-haris-ajak-masyarakat-jaga-identitas-melayu/,2026-06-16
"Pemerintah Provinsi Jambi bersama Lembaga Adat Melayu Provinsi Jambi berkomitmen untuk terus bersinergi dalam menjaga, melestarikan, dan mengembangkan adat Melayu Jambi agar tetap hidup, berkembang, dan menjadi identitas yang membanggakan bagi masyarakat Jambi di tengah arus globalisasi dan perkembangan zaman.",tak jelas,https://aksesjambi.com/news/16/06/2026/puncak-hari-adat-melayu-jambi-al-haris-ajak-masyarakat-jaga-identitas-melayu/,2026-06-16
"Semoga layanan ini membawa kemudahan bagi masyarakat, mempercepat pertumbuhan ekonomi lokal, dan membantu mewujudkan Jambi yang lebih seimbang dan maju,” pungkasnya.",tak jelas,https://aksesjambi.com/news/15/06/2026/batik-air-resmi-layani-rute-jakarta-muara-bungo-al-haris-kunci-pemerataan-pembangunan/,2026-06-16
"Dengan teknologi yang terus berkembang serta dukungan layanan Honda yang luas, motor listrik Honda diharapkan dapat menjadi bagian dari solusi mobilitas masa kini bagi masyarakat Jambi.",tak jelas,https://aksesjambi.com/news/15/06/2026/motor-listrik-honda-kini-mulai-rp15-jutaan-sudah-termasuk-baterai-charger/,2026-06-16
"Penandatanganan ini menjadi bentuk komitmen kedua belah pihak dalam memperkuat pelaksanaan program-program pendidikan, penelitian, dan pengabdian kepada masyarakat yang memberikan dampak nyata bagi dunia pendidikan di Provinsi Jambi.",tak jelas,https://aksesjambi.com/news/15/06/2026/mahasiswa-s3-unja-gagas-inovasi-entrepreneur-untuk-angkat-potensi-candi-muaro-jambi/,2026-06-16
"Oleh karena itu, hilirisasi hasil pembelajaran dan penelitian perlu terus didorong agar dapat memberikan manfaat yang lebih luas bagi masyarakat dan dunia pendidikan.",tak jelas,https://aksesjambi.com/news/15/06/2026/mahasiswa-s3-unja-gagas-inovasi-entrepreneur-untuk-angkat-potensi-candi-muaro-jambi/,2026-06-16
"Ke depan, Dinas Pendidikan Provinsi Jambi akan terus mendorong terjalinnya kerja sama dengan berbagai institusi pendidikan dan lembaga terkait guna menciptakan ekosistem pendidikan yang adaptif terhadap perkembangan zaman, sekaligus tetap berakar pada nilai-nilai budaya dan kearifan lokal yang menjadi identitas masyarakat Jambi.",tak jelas,https://aksesjambi.com/news/15/06/2026/mahasiswa-s3-unja-gagas-inovasi-entrepreneur-untuk-angkat-potensi-candi-muaro-jambi/,2026-06-16
"Sinergi antara TNI, pemerintah, lembaga adat, dan masyarakat diharapkan mampu menjaga nilai-nilai luhur budaya agar tetap hidup, berkembang, serta menjadi perekat persatuan menuju Jambi dan Indonesia yang semakin kuat.",tak jelas,https://amuranews.id/gema-adat-melayu-jambi-menggema-kasrem-042-gapu-hadiri-peringatan-hari-adat-perkuat-persatuan-dan-jati-diri-daerah/,2026-06-16
"Namun di sisi lain, masyarakat terus disuguhi berita tentang korupsi, penyalahgunaan jabatan, permainan anggaran, hingga berbagai kebijakan yang sering kali terasa jauh dari denyut nadi kehidupan rakyat kecil.",tak jelas,https://amuranews.id/demo-mahasiswa-di-berbagai-kota-ketika-kekecewaan-rakyat-tak-lagi-mampu-dibungkam/,2026-06-16
"Hampir setiap pekan masyarakat membaca berita tentang penyalahgunaan anggaran negara, suap proyek, jual beli jabatan, manipulasi pengadaan barang dan jasa, hingga berbagai bentuk kejahatan yang dilakukan oleh mereka yang seharusnya menjadi pelayan rakyat.",tak jelas,https://amuranews.id/demo-mahasiswa-di-berbagai-kota-ketika-kekecewaan-rakyat-tak-lagi-mampu-dibungkam/,2026-06-16
"Uang yang seharusnya digunakan untuk membangun sekolah, memperbaiki rumah sakit, membuka lapangan pekerjaan, membantu petani, nelayan, dan masyarakat miskin, justru mengalir ke kantong-kantong pribadi para pelaku korupsi.",tak jelas,https://amuranews.id/demo-mahasiswa-di-berbagai-kota-ketika-kekecewaan-rakyat-tak-lagi-mampu-dibungkam/,2026-06-16
"Dalam situasi seperti ini, muncul pula kekhawatiran masyarakat terhadap berbagai program strategis yang menggunakan anggaran sangat besar.",tak jelas,https://amuranews.id/demo-mahasiswa-di-berbagai-kota-ketika-kekecewaan-rakyat-tak-lagi-mampu-dibungkam/,2026-06-16
"Ketika mahasiswa berteriak tentang korupsi, ketidakadilan, dan kebijakan yang dianggap tidak berpihak kepada rakyat, sesungguhnya mereka sedang menyuarakan kegelisahan yang hidup di tengah masyarakat.",tak jelas,https://amuranews.id/demo-mahasiswa-di-berbagai-kota-ketika-kekecewaan-rakyat-tak-lagi-mampu-dibungkam/,2026-06-16
Korupsi sudah terlalu sering terjadi hingga sebagian masyarakat nyaris kebal mendengarnya.,tak jelas,https://amuranews.id/demo-mahasiswa-di-berbagai-kota-ketika-kekecewaan-rakyat-tak-lagi-mampu-dibungkam/,2026-06-16
"Momentum Hari Bhayangkara ke-80 ini juga menjadi bukti komitmen Polda Jambi dalam terus memperkuat kolaborasi dengan seluruh elemen bangsa, mulai dari pemerintah, TNI, komunitas olahraga, hingga masyarakat luas demi mewujudkan situasi kamtibmas yang aman, damai, dan kondusif di Provinsi Jambi.",tak jelas,https://amuranews.id/bola-pertama-dipecahkan-kapolda-turnamen-biliar-kapolda-cup-2026-jadi-arena-soliditas-tni-polri-sambut-hari-bhayangkara-ke-80/,2026-06-16
"Dengan semangat baru, diharapkan Polda Jambi dapat terus meningkatkan kinerja dan memberikan pelayanan terbaik bagi masyarakat.",tak jelas,https://amuranews.id/irjen-pol-krisno-halomoan-siregar-s-i-k-m-h-resmi-jabat-kapolda-jambi/,2026-06-16
"Berikut ini adalah informasi penting yang perlu pengguna jalan ketahui:
Rute Penutupan Jalan
– Beberapa titik jalan akan ditutup sementara, termasuk rute yang melintasi Jalan Teuku Umar, Diponegoro, Hasanudin, Bukit Tunggal, Nusa Kambangan, dan Imam Bonjol Denpasar.",tak jelas,https://amuranews.id/presisi-merdeka-run-2025-jambi-polresta-jambi-lakukan-penutupan-sementara-beberapa-jalan/,2026-06-16
– Penutupan jalan ini dilakukan untuk memastikan keamanan dan kenyamanan peserta serta pengguna jalan lainnya.,tak jelas,https://amuranews.id/presisi-merdeka-run-2025-jambi-polresta-jambi-lakukan-penutupan-sementara-beberapa-jalan/,2026-06-16
– Arus lalu lintas akan dialihkan ke jalan alternatif untuk memastikan keamanan dan kenyamanan peserta serta pengguna jalan lainnya.,tak jelas,https://amuranews.id/presisi-merdeka-run-2025-jambi-polresta-jambi-lakukan-penutupan-sementara-beberapa-jalan/,2026-06-16
"Dampak Penutupan Jalan
Atas rangka giat Presisi Merdeka Run 2025 penutupan jalan ini sehingga menyebabkan kemacetan di beberapa titik, oleh karena itu, Polresta Jambi menyarankan agar masyarakat dapat untuk merencanakan perjalanan dengan baik dan menghindari jalur yang terdampak penutupan jalan tersebut,” Ujar Kasat Lantas.",tak jelas,https://amuranews.id/presisi-merdeka-run-2025-jambi-polresta-jambi-lakukan-penutupan-sementara-beberapa-jalan/,2026-06-16
"Kapilresta Jambi Kombes Pol Boy Sutan Binanga Siregar, SIK, MH, bersama Kasat Lantas Polresta Jambi AKP Hadi Siswanto, SIK, MH memohon maaf atas penutupan beberapa ruas jalan di kota Jambi, “Kami berharap masyarakat dapat memahami dan mematuhi penutupan jalan sementara ini.",tak jelas,https://amuranews.id/presisi-merdeka-run-2025-jambi-polresta-jambi-lakukan-penutupan-sementara-beberapa-jalan/,2026-06-16
"“Kami ingin pemerintah kota ke depan melibatkan seluruh lapisan masyarakat, termasuk perangkat kelurahan dan kecamatan, untuk bersama-sama menangani persoalan ini,” tambahnya.",kota,https://amuranews.id/anggota-dewan-komisi-iii-soroti-tumpukan-sampah-di-kota-jambi/,2026-06-16
Sejumlah warga mengeluhkan tumpukan sampah yang mengganggu aktivitas sehari-hari.,tak jelas,https://amuranews.id/anggota-dewan-komisi-iii-soroti-tumpukan-sampah-di-kota-jambi/,2026-06-16
"DLH Kota Jambi diharapkan segera mengambil langkah tegas dan inovatif, baik melalui pengelolaan sampah yang lebih modern maupun dengan meningkatkan kesadaran masyarakat untuk tidak membuang sampah sembarangan.",tak jelas,https://amuranews.id/anggota-dewan-komisi-iii-soroti-tumpukan-sampah-di-kota-jambi/,2026-06-16
"“Situasi banjir di Jambi masih merata, dan berdasarkan peninjauan di Kota Jambi kemarin, ketinggian air masih signifikan serta sejumlah rumah warga masih terendam.",tak jelas,https://amuranews.id/gubernur-al-haris-pastikan-kebutuhan-korban-banjir-terpenuhi/,2026-06-16
"Lebih lanjut, evakuasi warga ke Sekolah Dasar atau tenda darurat harus segera dilakukan jika ketinggian air terus meningkat guna memastikan keselamatan mereka.",tak jelas,https://amuranews.id/gubernur-al-haris-pastikan-kebutuhan-korban-banjir-terpenuhi/,2026-06-16
“Kami meninjau langsung kondisi warga yang terdampak banjir.,tak jelas,https://amuranews.id/gubernur-al-haris-pastikan-kebutuhan-korban-banjir-terpenuhi/,2026-06-16
"Laporan warga mengindikasikan bahwa terdapat banyak rumah terendam dan mengalami kerusakan akibat banjir,” katanya.",tak jelas,https://amuranews.id/gubernur-al-haris-pastikan-kebutuhan-korban-banjir-terpenuhi/,2026-06-16
"Bhayangkara Presisi Job Fair diharapkan menjadi jembatan yang mempertemukan para pencari kerja dengan dunia usaha secara langsung, sekaligus membuka peluang baru bagi masyarakat untuk meningkatkan kesejahteraan dan kualitas hidup.",tak jelas,https://amuranews.id/spektakuler-hari-bhayangkara-ke-80-polda-jambi-hadirkan-1-000-lowongan-kerja/,2026-06-16
AMURANEWS.id | Komitmen mewujudkan lingkungan yang bersih dan nyaman terus ditunjukkan masyarakat Kota Jambi.,tak jelas,https://amuranews.id/tps-sungai-putri-dibongkar-jambi-bersinar/,2026-06-16
Kegiatan yang turut dihadiri Lurah Sungai Putri tersebut menjadi bukti nyata sinergi antara masyarakat dan pemerintah dalam menjaga kebersihan lingkungan.,tak jelas,https://amuranews.id/tps-sungai-putri-dibongkar-jambi-bersinar/,2026-06-16
"Pembongkaran TPS dilakukan sebagai langkah menciptakan kawasan yang lebih bersih, sehat, dan tertata, sekaligus menumbuhkan kesadaran masyarakat akan pentingnya menjaga kebersihan lingkungan.",tak jelas,https://amuranews.id/tps-sungai-putri-dibongkar-jambi-bersinar/,2026-06-16
"Jika lingkungan bersih, masyarakat sehat, dan Kota Jambi akan semakin indah serta layak menjadi kota yang maju,” ujarnya.",tak jelas,https://amuranews.id/tps-sungai-putri-dibongkar-jambi-bersinar/,2026-06-16
"Menurutnya, kegiatan pembongkaran TPS tersebut merupakan cerminan nyata kepedulian masyarakat terhadap lingkungan sekaligus bukti kuat bahwa budaya gotong royong masih hidup dan menjadi kekuatan utama dalam menyelesaikan berbagai persoalan di tengah masyarakat.",tak jelas,https://amuranews.id/tps-sungai-putri-dibongkar-jambi-bersinar/,2026-06-16
"Ferdinand menilai, keterlibatan aktif warga, perangkat kelurahan, tokoh masyarakat, serta unsur keamanan dalam kegiatan tersebut menunjukkan adanya kesamaan visi untuk menciptakan lingkungan yang bersih, sehat, dan nyaman bagi seluruh masyarakat.",kota,https://amuranews.id/tps-sungai-putri-dibongkar-jambi-bersinar/,2026-06-16
"Ini adalah contoh positif yang patut diteladani karena menunjukkan bahwa ketika masyarakat dan pemerintah berjalan bersama, berbagai persoalan lingkungan dapat diselesaikan dengan baik.",tak jelas,https://amuranews.id/tps-sungai-putri-dibongkar-jambi-bersinar/,2026-06-16
"Kebersihan bukan hanya tanggung jawab pemerintah, tetapi menjadi tanggung jawab seluruh elemen masyarakat,” ujar Ferdinand.",tak jelas,https://amuranews.id/tps-sungai-putri-dibongkar-jambi-bersinar/,2026-06-16
Ia berharap semangat kebersamaan dan kepedulian terhadap lingkungan yang ditunjukkan warga Sungai Putri dapat terus dipertahankan dan menjadi inspirasi bagi wilayah lain di Kecamatan Danau Sipin maupun Kota Jambi secara umum.,tak jelas,https://amuranews.id/tps-sungai-putri-dibongkar-jambi-bersinar/,2026-06-16
"“Kemajuan sebuah daerah tidak hanya ditentukan oleh pembangunan fisik dan infrastruktur, tetapi juga oleh kesadaran masyarakat dalam menjaga lingkungannya.",tak jelas,https://amuranews.id/tps-sungai-putri-dibongkar-jambi-bersinar/,2026-06-16
"Kegiatan ini tidak hanya menghadirkan perubahan fisik pada lingkungan, tetapi juga menjadi simbol kuatnya kepedulian masyarakat terhadap masa depan Kota Jambi.",tak jelas,https://amuranews.id/tps-sungai-putri-dibongkar-jambi-bersinar/,2026-06-16
"Memasuki musim kemarau, kewaspadaan harus ditingkatkan karena bencana asap bukan hanya merusak lingkungan, tetapi juga melumpuhkan aktivitas masyarakat, mengganggu kesehatan, pendidikan, transportasi, hingga perekonomian daerah.",tak jelas,https://amuranews.id/jambi-siaga-karhutla-kapolda-pembakar-hutan-jangan-berharap-ampun/,2026-06-16
"Forum ini menjadi sinyal kuat bahwa perang melawan Karhutla tidak bisa dilakukan sendiri-sendiri, melainkan membutuhkan kekuatan bersama antara pemerintah, aparat penegak hukum, kampus, dunia usaha, dan masyarakat.",tak jelas,https://amuranews.id/jambi-siaga-karhutla-kapolda-pembakar-hutan-jangan-berharap-ampun/,2026-06-16
"Karena itu, pemerintah terus mendorong program Pembukaan Lahan Tanpa Bakar (PLTB) sebagai solusi yang lebih aman dan berkelanjutan bagi masyarakat.",tak jelas,https://amuranews.id/jambi-siaga-karhutla-kapolda-pembakar-hutan-jangan-berharap-ampun/,2026-06-16
"Ketika api lepas kendali, yang menanggung dampaknya bukan hanya pelaku, tetapi jutaan masyarakat yang harus menghirup asap dan menanggung kerusakan lingkungan dalam jangka panjang.",tak jelas,https://amuranews.id/jambi-siaga-karhutla-kapolda-pembakar-hutan-jangan-berharap-ampun/,2026-06-16
"RKS Siap Mengawal Aspirasi hingga Tingkat Pembahasan Kebijakan
Di hadapan puluhan warga Legok Sungai Putri, RKS menyampaikan bahwa setiap aspirasi yang masuk tidak hanya dicatat, tetapi akan dikawal secara langsung hingga tahap pembahasan anggaran dan realisasi program.",tak jelas,https://amuranews.id/rusli-kamal-siregar-gelar-reses-tegaskan-siap-mengawal-aspirasi-warga-tanpa-kompromi/,2026-06-16
"Menurut RKS, berbagai usulan yang muncul dari warga Sungai Putri—mulai dari pembenahan infrastruktur, drainase, fasilitas ibadah, hingga pemberdayaan UMKM—akan diprioritaskan dalam rapat komisi maupun komunikasi dengan OPD terkait.",tak jelas,https://amuranews.id/rusli-kamal-siregar-gelar-reses-tegaskan-siap-mengawal-aspirasi-warga-tanpa-kompromi/,2026-06-16
Ia menyampaikan bahwa UMKM merupakan penggerak ekonomi masyarakat yang mampu bertahan di tengah keterbatasan anggaran pemerintah.,tak jelas,https://amuranews.id/rusli-kamal-siregar-gelar-reses-tegaskan-siap-mengawal-aspirasi-warga-tanpa-kompromi/,2026-06-16
Ia mengapresiasi kehadiran RKS yang dinilai konsisten membuka ruang dialog dan menyerap aspirasi masyarakat.,tak jelas,https://amuranews.id/rusli-kamal-siregar-gelar-reses-tegaskan-siap-mengawal-aspirasi-warga-tanpa-kompromi/,2026-06-16
"Reses Berlangsung Hangat dan Penuh Aspirasi
Masyarakat Legok Sungai Putri menyambut antusias kehadiran RKS.",tak jelas,https://amuranews.id/rusli-kamal-siregar-gelar-reses-tegaskan-siap-mengawal-aspirasi-warga-tanpa-kompromi/,2026-06-16
"“Kita juga mengingatkan agar para pelajar di SMA Negeri 1, tidak terlibat dalam Aksi Geng Motor, perkelahian, tawuran, begal, balap liar serta ugal-ugalan dalam berkendara yang sering meresahkan masyarakat, dan selalu bijak dalam menggunakan media sosial (Medsos) serta menghindari tindakan yang dapat merusak serta merugikan masa depan dari pelajar ataupun remaja itu sendiri”, ucapnya.",provinsi,https://amuranews.id/antisipasi-kenakalan-remaja-kapolresta-jambi-gelar-sosialisasi-dan-tatap-muka-di-sma-negeri-1/,2026-06-16
"“Karena Kolaborasi antara orang tua, guru, dan masyarakat sangat diperlukan untuk mencegah serta mengantisipasi Aksi kenakalan remaja, sekaligus memantau perkembangan dari para pelajar”, terang Kapolresta Jambi Kombes Pol Boy Sutan Binanga Siregar.",tak jelas,https://amuranews.id/antisipasi-kenakalan-remaja-kapolresta-jambi-gelar-sosialisasi-dan-tatap-muka-di-sma-negeri-1/,2026-06-16
Mantan Menteri Pendidikan dan Kebudayaan ini mengaku ingin memeriksa langsung kondisi warga yang dilanda banjir di kelurahan itu.,kota,https://amuranews.id/rawa-terate-rutin-banjir-anies-bakal-cek-pabrik-sekitar/,2026-06-16
"“Menyusuri jalan-jalan yang terendam air dan bertemu Iangsung dengan warga dan para pengurus RT/RW,” kata Anies dikutip dari akun instagram @aniesbaswedan Kamis 15 Februari 2018.",tak jelas,https://amuranews.id/rawa-terate-rutin-banjir-anies-bakal-cek-pabrik-sekitar/,2026-06-16
"Bahkan, warga memasang alat pengukur kedalaman air yaitu mistar di jalan dan di kawasan tersebut.",tak jelas,https://amuranews.id/rawa-terate-rutin-banjir-anies-bakal-cek-pabrik-sekitar/,2026-06-16
Bahwa bantuan yang bersumber dari Dinas Ketahanan Pangan Provinsi Jambi tersebut merupakan wujud kepedulian dan amanah pemerintah provinsi kepada masyarakat terdampak.,tak jelas,https://www.angsoduo.net/2026/06/ringankan-beban-korban-bencana-gubernur-al-haris-salurkan-10-189-ton-beras-cadangan,2026-06-16
"Pihaknya mengingatkan agar setiap pengguna jalan raya saling menghormati, mematuhi aturan lalu lintas, dan memperhatikan keselamatan sesama.",tak jelas,https://aksara24.id/2023/10/27/jasa-raharja-cabang-jambi-sampaikan-santunan-korban-kecelakaan-di-jalan-lintas-timur-km-296/,2026-06-16
"Namun, peran aktif dan kesadaran masyarakat sangat diperlukan agar setiap perjalanan di jalan raya berlangsung dengan aman dan nyaman.",tak jelas,https://aksara24.id/2023/10/27/jasa-raharja-cabang-jambi-sampaikan-santunan-korban-kecelakaan-di-jalan-lintas-timur-km-296/,2026-06-16
"Mari kita bersatu dalam membangun fundamental yang kuat agar mampu memberikan pelayanan yang optimal bagi masyarakat,” imbuh Wamen BUMN.",tak jelas,https://aksara24.id/2025/01/10/wamen-bumn-puji-kolaborasi-tim-pembina-samsat-nasional-dalam-meningkatkan-kepatuhan-pajak-kendaraan/,2026-06-16
"Menurutnya, kerja sama Jasa Raharja dengan Kementerian Pendidikan dalam mengedukasi masyarakat serta kolaborasi dengan Korlantas Polri untuk mengantisipasi potensi kecelakaan menjadi langkah strategis yang patut diapresiasi.",tak jelas,https://aksara24.id/2025/01/10/wamen-bumn-puji-kolaborasi-tim-pembina-samsat-nasional-dalam-meningkatkan-kepatuhan-pajak-kendaraan/,2026-06-16
"Di sisi lain, pelayanan penyelesaian sengketa informasi publik kepada masyarakat harus tetap berjalan dan tidak boleh terhenti.",tak jelas,https://aksesjambi.com/news/10/06/2026/soal-seleksi-komisioner-baru-ketua-ki-jambi-kami-hormati-proses-yang-dijalankan-pemprov/,2026-06-16
"Dengan demikian, masyarakat tetap mendapatkan akses dan perlindungan atas hak memperoleh informasi publik secara berkesinambungan hingga komisioner periode berikutnya ditetapkan,” katanya.",tak jelas,https://aksesjambi.com/news/10/06/2026/soal-seleksi-komisioner-baru-ketua-ki-jambi-kami-hormati-proses-yang-dijalankan-pemprov/,2026-06-16
"Ia juga memastikan seluruh layanan Komisi Informasi Provinsi Jambi tetap berjalan sebagaimana mestinya selama masa perpanjangan jabatan tersebut, sehingga masyarakat maupun badan publik tetap dapat memperoleh pelayanan secara optimal.",tak jelas,https://aksesjambi.com/news/10/06/2026/soal-seleksi-komisioner-baru-ketua-ki-jambi-kami-hormati-proses-yang-dijalankan-pemprov/,2026-06-16
"“Komisi Informasi Provinsi Jambi tetap berkomitmen menjalankan tugas dan kewenangannya dalam mengawal keterbukaan informasi publik serta memberikan pelayanan terbaik kepada masyarakat,” tutup Taufiq.",tak jelas,https://aksesjambi.com/news/10/06/2026/soal-seleksi-komisioner-baru-ketua-ki-jambi-kami-hormati-proses-yang-dijalankan-pemprov/,2026-06-16
“Saya berharap momentum peringatan hari jadi ketiga institusi tersebut dapat menjadi penyemangat untuk terus meningkatkan kualitas pelayanan kepada masyarakat.,tak jelas,https://www.angsoduo.net/2026/06/pimpin-upacara-hut-damkar-ke-107-satpol-pp-ke-76-dan-satlinmas-ke-64-gubernur-al-haris-momentum-meningkatkan-pelayanan-kepada-masyarakat,2026-06-16
"Dalam regulasi tersebut dijelaskan bahwa pemerintah daerah dapat memberikan hibah kepada instansi vertikal seperti Kepolisian, Kejaksaan, maupun lembaga pemerintah pusat lainnya yang berada di daerah guna menunjang pelayanan publik dan fasilitas umum bagi masyarakat.",tak jelas,https://www.angsoduo.net/2026/06/hibah-untuk-instansi-vertikal-tak-langgar-aturan-pemprov-jambi-beberkan-dasar-hukumnya,2026-06-16
Langkah tersebut merupakan bentuk komitmen Pemprov Jambi dalam memperkuat sinergi dengan berbagai instansi vertikal guna meningkatkan pelayanan kepada masyarakat serta mendukung pembangunan daerah.,provinsi,https://www.angsoduo.net/2026/06/hibah-untuk-instansi-vertikal-tak-langgar-aturan-pemprov-jambi-beberkan-dasar-hukumnya,2026-06-16
"Kerjasama atau kolaborasi yang diharapkan meliputi penelitian, pendidikan serta pengabdian kepada masyarakat sebagai upaya mendukung swasembada pangan Presiden Prabowo Subianto.",tak jelas,https://www.angsoduo.net/2026/06/universitas-jambi-jajaki-kerjasama-agroindustri-dengan-ptpn-iv-regional-iv,2026-06-16
"“Harapan kami dengan adanya Perda Pengelolaan Sumber Daya Air ini, dapat menjadi pedoman dalam upaya perencanaan, konservasi, pendayagunaan, pengendalian daya rusak air, hingga perizinan dan peran serta masyarakat untuk menjamin kelestarian dan pemanfaatan air secara berkelanjutan,” ucapnya.",tak jelas,https://www.angsoduo.net/2026/06/wagub-sani-5-ranperda-inisiatif-dprd-beri-manfaat-positif-dan-dorong-kelancaran-penyelenggaraan-pemerintahan,2026-06-16
Ia memberi pesan khusus kepada para kepala daerah agar setiap kebijakan publik berlandaskan keadilan sosial dan menjaga hak-hak masyarakat kecil agar tidak ada yang tertinggal.,tak jelas,https://www.angsoduo.net/2026/06/gubernur-al-haris-ikuti-upacara-peringatan-hari-lahir-pancasila-2026-ajak-asn-dan-generasi-muda-hidupkan-nilai-pancasila,2026-06-16
"Sudirman , SH, MH, Forkopimda Provinsi Jambi , unsur TNI/Polri, kepala OPD, ASN, serta perwakilan organisasi masyarakat dan pelajar.",tak jelas,https://www.angsoduo.net/2026/06/gubernur-al-haris-ikuti-upacara-peringatan-hari-lahir-pancasila-2026-ajak-asn-dan-generasi-muda-hidupkan-nilai-pancasila,2026-06-16
"Dikatakan Edi, kegiatan itu dapat membantu Pemerintah dalam upaya meningkatkan pelayanan kepada masyarakat.",tak jelas,https://aksara24.id/2022/09/14/ketua-dprd-provinsi-jambi-apresiasi-pelaksanaan-regsosek-oleh-bps/,2026-06-17
"“Terimakasih kepada teman-teman BPS yang mencoba memberikan inovasi-inovasi kepada kita untuk supaya pelayanan kita semakin prima di masyarakat dan anggaran tepat guna dan tetap tepat sasaran,” kata Edi Purwanto.",tak jelas,https://aksara24.id/2022/09/14/ketua-dprd-provinsi-jambi-apresiasi-pelaksanaan-regsosek-oleh-bps/,2026-06-17
"Menurut Ariansyah, untuk mengantisipasi maraknya judol ini Pemerintah Provinsi Jambi juga telah mengambil langkah-langkah maupun kebijakan-kebijakan, diantaranya memblokir situs-situs judi online, menyebarkan himbauan kepada masyarakat luas melalui surat edaran, sosialisasi melalui media baliho, spanduk dan brosur, media sosial, videotron dan juga melalui dialog TVRI.",tak jelas,https://www.angsoduo.net/2026/06/di-hadapan-ratusan-mahasiswa-uin-ariansyah-tegaskan-bahaya-laten-judi-online,2026-06-17
"Penghargaan tersebut menjadi bukti nyata komitmen Dukcapil Kota Jambi dalam memberikan pelayanan administrasi kependudukan yang profesional, inovatif, serta berintegritas kepada masyarakat.",tak jelas,https://awasi.id/read/2026/06/17/6091/dukcapil-kota-jambi-borong-penghargaan-nasional-raih-dukcapil-prima-award-dan-predikat-pelayanan-prima/,2026-06-17
“Penghargaan ini merupakan motivasi bagi kami untuk terus berinovasi dan meningkatkan kualitas pelayanan kepada masyarakat.,tak jelas,https://awasi.id/read/2026/06/17/6091/dukcapil-kota-jambi-borong-penghargaan-nasional-raih-dukcapil-prima-award-dan-predikat-pelayanan-prima/,2026-06-17
"Dengan pencapaian tersebut, Dukcapil Kota Jambi diharapkan terus menjadi contoh dalam penyelenggaraan pelayanan publik yang cepat, transparan, akuntabel, dan berorientasi pada kepuasan masyarakat.",tak jelas,https://awasi.id/read/2026/06/17/6091/dukcapil-kota-jambi-borong-penghargaan-nasional-raih-dukcapil-prima-award-dan-predikat-pelayanan-prima/,2026-06-17
"Erlan Munaji mengatakan bahwa berbagai kegiatan yang digelar dalam rangka Hari Bhayangkara ke-80 tidak hanya berfokus pada pelayanan dan bakti sosial kepada masyarakat, tetapi juga pada pembinaan mental, fisik, serta penguatan soliditas internal dan sinergitas antarinstansi.",tak jelas,https://awasi.id/read/2026/06/15/6079/kapolda-jambi-cup-billiard-tournament-2026-resmi-dibuka-perkuat-sinergitas-tni-polri-dan-sportivitas/,2026-06-17
"Melalui rangkaian kegiatan Iduladha ini, Lapas Kelas IIA Jambi berharap semangat pengorbanan dan kepedulian sosial dapat terus tertanam dalam diri seluruh warga binaan maupun petugas, sehingga mampu menciptakan lingkungan pemasyarakatan yang harmonis, religius, dan berorientasi pada pembinaan yang humanis.",tak jelas,https://awasi.id/read/2026/05/27/5817/lapas-jambi-maknai-iduladha-sebagai-momentum-pembinaan-dan-kepedulian-sosial/,2026-06-17
"Menurutnya, hal tersebut menunjukkan kurangnya respons terhadap aspirasi masyarakat yang ingin disampaikan secara terbuka dan konstitusional.",tak jelas,https://awasi.id/read/2026/04/11/5286/aspirasi-tak-tersampaikan-awasi-jambi-rencanakan-aksi-lanjutan-dengan-massa-lebih-besar/,2026-06-17
“Hari ini kita menyerahkan beras cadangan pangan pemerintah daerah kepada masyarakat yang terdampak bencana banjir di Sarolangun.,tak jelas,https://aksatanews.com/gubernur-al-haris-serahkan-10189-kg-beras-untuk-korban-pasca-bencana-banjir-di-sarolangun,2026-06-18
Bantuan itu akan diberikan kepada warga terdampak banjir di empat kecamatan dengan jumlah penerima sekitar 6.000 jiwa.,tak jelas,https://aksatanews.com/gubernur-al-haris-serahkan-10189-kg-beras-untuk-korban-pasca-bencana-banjir-di-sarolangun,2026-06-18
"Al Haris mengatakan pencegahan karhutla selama ini kerap dianggap hanya menjadi tugas Satgas Karhutla, Manggala Agni, Masyarakat Peduli Api, TNI, Polri, dan pemerintah daerah.",tak jelas,https://aksatanews.com/kuliah-umum-di-unja-gubernur-al-haris-ajak-mahasiswa-jadi-agen-pencegah-karhutla,2026-06-18
"Belum lagi kesehatan masyarakat terganggu, sekolah dihentikan sementara, dan transportasi terganggu,"" katanya.",tak jelas,https://aksatanews.com/kuliah-umum-di-unja-gubernur-al-haris-ajak-mahasiswa-jadi-agen-pencegah-karhutla,2026-06-18
"Menurutnya, mahasiswa dapat menjadi jembatan edukasi antara pemerintah dan masyarakat.",tak jelas,https://aksatanews.com/kuliah-umum-di-unja-gubernur-al-haris-ajak-mahasiswa-jadi-agen-pencegah-karhutla,2026-06-18
Masyarakat berharap Dinas Pendidikan Kota Batam dapat melakukan verifikasi secara menyeluruh serta menyampaikan hasilnya secara transparan kepada publik.,tak jelas,https://awasi.id/read/2026/06/17/6096/rdp-komisi-iv-ungkap-kb-djuwita-prakarsa-belum-memiliki-npsn-publik-pertanyakan-tata-kelola-pendidikan/,2026-06-18
"“Kami ingin program CSR perusahaan bisa sejalan dengan kebijakan pemerintah daerah, sehingga manfaatnya benar-benar dirasakan masyarakat,” tuturnya.",tak jelas,https://aksara24.id/2025/04/14/fadhil-arief-minta-perusahaan-csr-selaras-dengan-program-batanghari-super-tangguh/,2026-06-19
"Feri mengungkapkan, karhutla tidak hanya merusak lingkungan, tetapi juga mengancam kesehatan dan keselamatan masyarakat.",tak jelas,https://aksara24.id/2024/08/29/karhutla-di-tanjab-barat-jadi-atensi-ditreskrimsus-polda-jambi-cek-koordinat-dan-sampel-tanah-di-lokasi/,2026-06-19
"Dengan adanya GERAK Syariah 2025, OJK berharap semakin banyak masyarakat yang memahami serta memanfaatkan layanan keuangan syariah demi kesejahteraan bersama.",tak jelas,https://aksara24.id/2025/02/24/kolaborasi-ojk-dan-stakeholder-untuk-keuangan-syariah-yang-lebih-inklusif/,2026-06-19
"Menurut peraturan pemerintah, solar subsidi hanya boleh dipakai oleh kendaraan dan sektor tertentu yang memang butuh bantuan, seperti angkutan umum, usaha kecil, dan masyarakat kecil.",tak jelas,https://awasi.id/read/2024/11/14/2397/truk-tambang-dan-perkebunan-borong-solar-subsidi-di-spbu-pal-10-warga-merasa-dirugikan/,2026-06-19
Masyarakat berharap pemerintah dan pengelola SPBU bisa lebih selektif dalam menyalurkan BBM subsidi agar tidak salah sasaran.,tak jelas,https://awasi.id/read/2024/11/14/2397/truk-tambang-dan-perkebunan-borong-solar-subsidi-di-spbu-pal-10-warga-merasa-dirugikan/,2026-06-19
"Tanpa pengelolaan yang tepat, lonjakan sampah ini berpotensi menimbulkan berbagai permasalahan lingkungan, seperti pencemaran udara, air, dan tanah, yang berdampak langsung terhadap kesehatan masyarakat serta berkontribusi terhadap isu lingkungan secara global.",tak jelas,https://aksara24.id/2025/03/06/jumlah-sampah-meningkat-pemkab-muaro-jambi-perkuat-koordinasi-pengelolaan-limbah/,2026-06-20
Pemerintah Kabupaten Muaro Jambi berkomitmen untuk mempercepat langkah-langkah konkret dalam penanganan sampah guna menciptakan lingkungan yang bersih dan sehat bagi masyarakat.,tak jelas,https://aksara24.id/2025/03/06/jumlah-sampah-meningkat-pemkab-muaro-jambi-perkuat-koordinasi-pengelolaan-limbah/,2026-06-20
"Aksara24.id – Krisis pasokan gas subsidi LPG 3 Kg yang berkepanjangan di Desa Koto Kandis Dendang, Kabupaten Tanjung Jabung Timur menjadi keluhan dan keprihatinan dari warga setempat.",tak jelas,https://aksara24.id/2023/08/05/warga-desa-koto-kandis-dendang-akui-kesulitan-dapatkan-gas-bersubsidi/,2026-06-20
"Firdaus, salah satu warga Desa Koto Kandis Dendang mengatakan, warga setempat merasa kesulitan mendapatkan pasokan gas subsidi yang diperlukan untuk kebutuhan sehari hari.",tak jelas,https://aksara24.id/2023/08/05/warga-desa-koto-kandis-dendang-akui-kesulitan-dapatkan-gas-bersubsidi/,2026-06-20
"Ketidakpuasan warga tidak hanya terkait dengan ketersediaan gas subsidi, tetapi juga mengenai harga jualnya.",tak jelas,https://aksara24.id/2023/08/05/warga-desa-koto-kandis-dendang-akui-kesulitan-dapatkan-gas-bersubsidi/,2026-06-20
Beberapa warga mengeluhkan bahwa harga penjualan gas subsidi di pasar lokal melampaui Harga Eceran Tertinggi (HET) yang ditetapkan pemerintah.,tak jelas,https://aksara24.id/2023/08/05/warga-desa-koto-kandis-dendang-akui-kesulitan-dapatkan-gas-bersubsidi/,2026-06-20
"Awaludin juga menghimbau, bagi masyarakat atau pihak lain yang menemukan pelanggaran yang memiliki dokumen dan data bisa membuat pengaduan ke call center Pertamina di 135 dan akan segera ditindaklanjuti.",tak jelas,https://aksara24.id/2023/08/05/warga-desa-koto-kandis-dendang-akui-kesulitan-dapatkan-gas-bersubsidi/,2026-06-20
"“Dengan sinergi, disiplin dan semangat gotong royong dari berbagai sektor dan elemen masyarakat bisa mewujudkan petani yang sejahtera, pangan yang kuat, dan rakyat yang makmur.",tak jelas,https://aksatanews.com/hadiri-panen-jagung-wagub-sani-dukung-program-perkuat-kedaulatan-pangan-daerah-dan-nasional,2026-06-20
"Setelah pemberian bantuan simbolis, kegiatan dilanjutkan dengan pelepasan kendaraan yang akan mendistribusikan bantuan sosial kepada masyarakat di berbagai wilayah.",tak jelas,https://awasi.id/read/2026/06/15/6083/polda-jambi-salurkan-1-000-paket-sembako-dan-lepas-bantuan-sosial-sambut-hari-bhayangkara-ke-80/,2026-06-20
Unggahan yang beredar luas telah ditonton ribuan pengguna dan memicu beragam komentar dari warganet yang mempertanyakan transparansi penanganan kasus serta sistem perlindungan anak di lingkungan sekolah.,tak jelas,https://awasi.id/read/2026/06/13/6067/dugaan-kekerasan-terhadap-murid-di-sekolah-djuwita-prakarsa-batam-jadi-sorotan-publik-viral-di-tiktok/,2026-06-20
"Seiring viralnya kasus tersebut di TikTok dan platform media sosial lainnya, masyarakat berharap proses penanganan dilakukan secara transparan, profesional, serta mengedepankan kepentingan terbaik bagi anak sebagai peserta didik yang wajib mendapatkan perlindungan dari segala bentuk kekerasan di lingkungan pendidikan.",tak jelas,https://awasi.id/read/2026/06/13/6067/dugaan-kekerasan-terhadap-murid-di-sekolah-djuwita-prakarsa-batam-jadi-sorotan-publik-viral-di-tiktok/,2026-06-20
"Big Bus (35-50 Penumpang)
Jika Anda membawa rombongan sekolah atau acara keluarga besar, big bus adalah pilihan yang paling pas.",tak jelas,https://awasi.id/read/2024/09/23/1268/cara-memilih-sewa-bus-yang-ramah-anak-terbaik-di-jogja/,2026-06-20
"Jangan lupa juga untuk mempertimbangkan anggaran, ulasan pengguna lain, dan kebijakan perusahaan terkait anak-anak.",tak jelas,https://awasi.id/read/2024/09/23/1268/cara-memilih-sewa-bus-yang-ramah-anak-terbaik-di-jogja/,2026-06-20
Koordinator aksi menyampaikan bahwa pihaknya menerima laporan dari masyarakat setempat terkait adanya dugaan praktik pelangsiran BBM subsidi yang kerap terjadi.,tak jelas,https://awasi.id/read/2026/06/12/6059/awasi-jambi-gelar-aksi-di-spbu-simpang-rimbo-desak-sidak-dan-penindakan-dugaan-pelanggaran-bbm-subsidi/,2026-06-20
Imigrasi Kuala Tungkal turut mengajak masyarakat untuk berperan aktif melaporkan dugaan pelanggaran keimigrasian melalui kanal resmi yang tersedia demi mendukung terciptanya tertib administrasi dan keamanan wilayah.,tak jelas,https://awasi.id/read/2026/06/11/6041/imigrasi-kuala-tungkal-serahkan-berkas-warga-wna-yang-mengajukan-paspor-ri-dengan-data-tidak-sah-ke-kejaksaan/,2026-06-20
Forum yang bertujuan mencari solusi atas berbagai persoalan yang dikeluhkan masyarakat itu diwarnai kekecewaan akibat minimnya kehadiran perusahaan yang diundang.,tak jelas,https://awasi.id/read/2026/04/24/5949/dprd-muaro-jambi-soroti-ketidakhadiran-perusahaan-dalam-rdp-aidi-hatta-kami-akan-panggil-kembali/,2026-06-20
RDP tersebut merupakan tindak lanjut dari pertemuan sebelumnya pada 21 April 2026 sekaligus merespons aspirasi masyarakat yang disampaikan melalui surat Aliansi Rakyat Parit Menggugat Nomor 06/ARPM/IV/2026 tentang penyampaian pendapat di muka umum.,tak jelas,https://awasi.id/read/2026/04/24/5949/dprd-muaro-jambi-soroti-ketidakhadiran-perusahaan-dalam-rdp-aidi-hatta-kami-akan-panggil-kembali/,2026-06-20
"RDP turut dihadiri kepala desa se-Kecamatan Sungai Gelam, unsur pemerintah daerah, tokoh masyarakat, serta sejumlah pelaku usaha yang beroperasi di kawasan tersebut.",tak jelas,https://awasi.id/read/2026/04/24/5949/dprd-muaro-jambi-soroti-ketidakhadiran-perusahaan-dalam-rdp-aidi-hatta-kami-akan-panggil-kembali/,2026-06-20
"Menurut Aidi Hatta, masyarakat mengeluhkan kerusakan jalan yang diduga dipicu oleh aktivitas kendaraan operasional perusahaan dengan muatan yang melebihi kapasitas tonase jalan kabupaten.",tak jelas,https://awasi.id/read/2026/04/24/5949/dprd-muaro-jambi-soroti-ketidakhadiran-perusahaan-dalam-rdp-aidi-hatta-kami-akan-panggil-kembali/,2026-06-20
“Jalan ini dibangun menggunakan anggaran pemerintah untuk kepentingan masyarakat.,tak jelas,https://awasi.id/read/2026/04/24/5949/dprd-muaro-jambi-soroti-ketidakhadiran-perusahaan-dalam-rdp-aidi-hatta-kami-akan-panggil-kembali/,2026-06-20
“Kesehatan adalah hak mendasar yang wajib kami penuhi bagi setiap warga binaan.,tak jelas,https://awasi.id/read/2026/06/09/6038/layanan-kesehatan-gratis-rutan-batam-gelar-edukasi-dan-pemeriksaan-vct-mobile-untuk-warga-binaan/,2026-06-20
"Dengan kegiatan seperti ini, Rutan Batam terus berupaya menghadirkan pelayanan yang layak sebagai bagian dari sistem pembinaan yang manusiawi, profesional, dan selalu mengutamakan pemenuhan hak setiap warga binaan.",tak jelas,https://awasi.id/read/2026/06/09/6038/layanan-kesehatan-gratis-rutan-batam-gelar-edukasi-dan-pemeriksaan-vct-mobile-untuk-warga-binaan/,2026-06-20
"Selain itu, penghargaan tersebut juga menjadi pengakuan atas keberhasilan satuan dalam membangun komunikasi publik yang positif, transparan, dan edukatif kepada masyarakat, sekaligus mendukung program-program prioritas pemerintah, termasuk Program Asta Cita Presiden Republik Indonesia.",tak jelas,https://awasi.id/read/2026/06/08/6022/polres-tanjab-barat-borong-tiga-penghargaan-sekaligus-pada-rakernis-humas-polda-jambi-2026/,2026-06-20
"Kabid Humas Polda Jambi, Kombes Pol Erlan Munaji, S.I.K., M.Si., menyampaikan bahwa penghargaan ini diharapkan dapat menjadi motivasi bagi seluruh jajaran Humas Polri di wilayah Jambi untuk terus meningkatkan kualitas publikasi dan pelayanan informasi kepada masyarakat.",tak jelas,https://awasi.id/read/2026/06/08/6022/polres-tanjab-barat-borong-tiga-penghargaan-sekaligus-pada-rakernis-humas-polda-jambi-2026/,2026-06-20
"Ke depan, penghargaan ini diharapkan mampu memacu peningkatan kompetensi digital, kreativitas, serta profesionalisme personel Humas Polri dalam menghadapi tantangan komunikasi publik di era digital yang terus berkembang, sehingga kehadiran Polri di ruang publik dan media sosial semakin dirasakan manfaatnya oleh masyarakat.(Humas Polres)",tak jelas,https://awasi.id/read/2026/06/08/6022/polres-tanjab-barat-borong-tiga-penghargaan-sekaligus-pada-rakernis-humas-polda-jambi-2026/,2026-06-20
